campaign_id,campaign_type,start_date,budget,end_date,impressions,clicks,campaign_status,campaign_name,conversions,spent_amount,target_audience
  391  #,  Summer Sale 2025  ,,Variable,0,,100.5,1,,,,
19,Customer Retention 2025 - Test,2025-10-10 00:00:00,9789.06,768.62,58495,1790,Active,,,,
122,Flash Sale 2023 v2,2025-10-10 00:00:00,124691.73,3556.6,288059,4122,Paused,Olivia Allen,1.53,,
197,Summer Sale 2023 - Final,2025-10-10,13480.5,3005.46,511965,20749,Active,,,,
41,Spring Collection 2023 v2,12-10-2024,,8710.03,,826,,,,,
  154  ,Spring Collection 2023 - Test,2025-10-10 00:00:00,10235.2,952.33,87071,2230,Active,,8.83,,
486,Product Launch 2025 - Test,2025-10-10 00:00:00,14596.22,2379.76,1124968,30938,Paused,,,,
194,  Anniversary Sale 2024 - Phase 1  ,2025-10-10 00:00:00,6332.45,2582.61,84944,638,Paused,,3.29,,
70,VIP Exclusive 2024,2025-10-10 00:00:00,13126.71,2942.93,210526,5119,Active,,,,
415,Lead Generation 2025 - Test,2025-10-10 00:00:00,24739.55,13143.03,1523323,17204,Paused,Katelyn Rivera,,,
87,Referral Program 2023,2025-10-10 00:00:00,499155.29,20618.2,2196327,105535,Paused,,5.14,,
74,Christmas Special 2023 - Final,2025-10-10 00:00:00,7697.28,1618.43,374129,6847,Active,,,,
66,  Summer Sale 2025  ,2025-10-10 00:00:00,17474.72,0,82885,100.5,Active,,,,
422,Lead Generation 2025 - Final,2025-10-10 00:00:00,12329.11,1131.48,218224,8857,Active,,,,
306,Summer Sale 2025 - Final,  2025-10-10  ,4934.75,1327.87,  24215  ,662,Active,Dr Lee Martin,  8.16  ,,
418,Spring Collection 2024,2025-10-10 00:00:00,46525.82,940.71,  134023  ,1218,  Paused  ,,,,
354,Flash Sale 2023 - Final,  2025-10-10  ,4676.69,256.49,101448,3575,  Paused  ,,,,
178,Customer Retention 2023,2025-10-10 00:00:00,  474203.14  ,20562.39,3107728,140543,Active,,,,
348,New Year Deal 2024 - Phase 1,  2025-10-10  ,25922.44,3709.75,1779725,30465,Active,Mr Stanley Armstrong,,,
483,Customer Retention 2024 - Phase 1,2025-10-10 00:00:00,23098.21,241.15,48276,322,Paused,,,,
377,New Year Deal 2024 - Test,2025-10-10 00:00:00,19207.93,4114.16,664019,14020,Active,,2.95,,
485,Referral Program 2024 - Phase 1,2025-10-10 00:00:00,6222.94,276.92,4296,34,Active,,,,
466,Anniversary Sale 2024 - Phase 1,2025-10-10 00:00:00,11312.84,510.65,29296,650,Active,Dr Henry Flynn,,,
337,Clearance 2024 - Final,2025-10-10 00:00:00,17213.87,921.33,107230,4252,Active,,,,
324,VIP Exclusive 2025 v2,2025-10-10 00:00:00,16835.37,1538.03,93217,4459,Active,,,,
477,Product Launch 2023,2025-10-10 00:00:00,12295.96,2293.25,135599,  5196  ,Paused,,7.06,,
333,VIP Exclusive 2024 - Test,2025-10-10 00:00:00,352898.28,6772.14,1147172,47021,Paused,Miss Katie Payne,,,
367,Christmas Special 2024,2025-10-10 00:00:00,1508,378.85,38057,962,Active,,4.89,,
172,Black Friday 2024 - Phase 1,2025-10-10 00:00:00,4552.39,217.84,21369,425,Active,TRACY BRADLEY,3.29,,
330,Spring Collection 2023 - Phase 1,2025-10-10 00:00:00,5177.4,  170.18  ,20338,535,Paused,,,,
285,  Back to School 2025  ,2025-10-10 00:00:00,12660.05,909.94,280511,9320,Active,Trevor Tomlinson-Hopkins,3.64,,
479,VIP Exclusive 2023 v2,2025-10-10 00:00:00,3971.31,1089.97,213931,5993,Active,Kathy Morgan,7.29,,
  253  ,Spring Collection 2024 - Final,2025-10-10 00:00:00,19279.09,1120.7,536792,  6155  ,Active,,,,
472,VIP Exclusive 2023 - Test,2025-10-10 00:00:00,4104.71,71,9121,  164  ,Active,,,,
320,Product Launch 2024 v2,2025-10-10 00:00:00,17901.26,5807,517176,9876,Active,,9.8,,
78,  Clearance 2024 - Phase 1  ,2025-10-10 00:00:00,212403.44,14569.62,1749969,86160,Active,,,,
449,Christmas Special 2024,2025-10-10 00:00:00,12661.92,  516.18  ,97601,925,Active,,4.97,,
92,  VIP Exclusive 2025 - Phase 1  ,2025-10-10 00:00:00,341728.4,20644.94,1075862,  21700  ,Paused,,3.65,,
379,Flash Sale 2023 - Final,2025-10-10 00:00:00,8422.51,6788.52,1005372,5568,Paused,,,,
195,Referral Program 2025 - Phase 1,2025-10-10 00:00:00,29549.66,4673.05,  1632224  ,45679,Paused,Gavin Miles-Hodgson,,,
261,Summer Sale 2025,2025-10-10 00:00:00,,0,2413,250.75,,,,,
455,Summer Sale 2024 v2,2025-10-10 00:00:00,24846.62,649.65,92315,2731,Active,Jodie Pearson,,,
135,Black Friday 2025,2025-10-10 00:00:00,8518.87,108.75,5567,78,Active,Amy Gibbons-Morgan,,,
461,Brand Awareness 2025 - Test,2025-10-10 00:00:00,,7768.67,963880,6861,,Sara Davison-Owen,,,
248,Back to School 2023 v2,2025-10-10 00:00:00,18912.74,538.57,52335,336,ACTIVE,,,,
159,Summer Sale 2025 - Phase 1,2025-10-10 00:00:00,6683.57,3749.6,359282,17430,Active,,,,
347,  Customer Retention 2025 - Test  ,2025-10-10 00:00:00,4028.84,3634.91,493807,9286,Paused,,,,
61,Christmas Special 2024 - Final,,,4693.14,,4628,,,,,
,,,,,,,,,,,
  153  ,Referral Program 2023 - Phase 1,2025-10-10 00:00:00,18000.49,321.71,  59538  ,2442,Active,Tammy Little,,,
46,Deleniti modi consequuntur delectus iure. Ipsam similique mollitia amet.,,,,,,,,,,
Voluptas unde sed. Illo laboriosam sint temporibus. Fugiat voluptates eaque quos.,,,,,,,,,,,
In vero voluptatum nam quaerat. Deleniti dolor animi quasi. Quibusdam animi nesciunt magnam.,,,,,,,,,,,
"Animi m""",Radio,2025-10-10 00:00:00,-3998.03,71701,-103,497,,,,,
Mollitia inventore aliquam facilis ut voluptas aliquam facere. Pariatur explicabo nam soluta voluptate. Unde dolores cum reiciendis.,,,,,,,,,,,
Ad qui ex ut rem sint. Eaque ratione autem sit similique.,,,,,,,,,,,
Repellendus itaque esse recusandae dolorem. Optio id eius.,,,,,,,,,,,
Expedita magni perspiciatis sapiente ex. Beatae voluptas debitis.,,,,,,,,,,,
Autem ipsa quas. Ipsa voluptates blanditiis tempore deleniti aliquid.,,,,,,,,,,,
Maxime rem porro. Facilis architecto optio ex et. Quaerat error est illum.,,,,,,,,,,,
Mollitia deleniti pariatur fugit quibusdam. Nulla error molestias a. Distinctio ratione non eum ipsam.,,,,,,,,,,,
Labore temporibus recusandae cumque assumenda maiores odio. At veritatis doloremque est rem corporis.,,,,,,,,,,,
Voluptates nostrum quisquam iste suscipit.,,,,,,,,,,,
"Quaerat fugit id corporis porro. Quod dolor rem possimus. Amet dolorum sed itaque reiciendis pariatur voluptates.""",Completed,Donald Sanderson,,,,,,,,,
79,Christmas Special 2025 - Final,2025-10-10 00:00:00,19616.44,531.11,41051,1990,Paused,Alison Doyle,4.87,,
387,Lead Generation 2023,2025-10-10 00:00:00,12204.28,3565.44,371562,13671,Active,,,,
476,,2025-10-10 00:00:00,8790.27,,8017,,  Paused  ,Miss Jade Butler,,,
33,Clearance 2024 v2,2025-10-10 00:00:00,151559.21,5663.99,665955,16597,Paused,,8.74,,
  62  ,Brand Awareness 2025 v2,2025-10-10 00:00:00,4573.95,156.8,  6784  ,57,Active,,8.77,,
22,Anniversary Sale 2023 - Final,2025-10-10 00:00:00,13114.75,2306.15,380219,10820,Paused,,,,
244,Customer Retention 2023 - Final,2025-10-10 00:00:00,3177.9,115.66,16695,825,Active,  Laura Archer  ,5.33,,
198,  New Year Deal 2023  ,2025-10-10 00:00:00,10516.7,118.16,13459,421,Paused,,3.33,,
442,  Customer Retention 2025  ,2025-10-10 00:00:00,21950.64,5888.38,842580,28625,Active,,,,
204,Lead Generation 2023 v2,2025-10-10 00:00:00,4049.41,742.06,17571,526,Paused,Geraldine Butler,,,
21,Spring Collection 2023,2025-10-10 00:00:00,,1841.28,356646,10095,,Holly Davidson,,,
403,Summer Sale 2023 v2,  2025-10-10  ,7964,434.26,12753,433,Active,Chelsea Williams,4.85,,
3,Product Launch 2024 - Final,2025-10-10 00:00:00,  20820.41  ,1090.37,195455,6055,Active,,,,
397,Summer Sale 2025,2025-10-10 00:00:00,4294.62,340.05,14248,670,Active,,2.09,,
117,VIP Exclusive 2024 - Final,  2025-10-10  ,10191.77,858.43,156633,3951,Active,,4.86,,
294,Back to School 2023 - Test,2025-10-10 00:00:00,17293.37,641.25,41280,1283,Paused,,,,
495,Lead Generation 2025 - Test,2025-10-10 00:00:00,305798.48,47317,4243276,55354,Active,Jennifer Parks,,,
  323  ,Referral Program 2023,2025-10-10 00:00:00,3488.78,44.76,8476,82,Active,Nicola Hewitt,,,
490,Spring Collection 2023 - Final,2025-10-10 00:00:00,6629.87,1124.27,139678,5319,Paused,  Christine Harris  ,4.21,,
374,Back to School 2025 - Phase 1,2025-10-10 00:00:00,33294.92,1711.37,110092,4011,Paused,,1.37,,
162,Back to School 2025,2025-10-10 00:00:00,19191.5,217.64,33071,664,Active,,,,
47,Customer Retention 2024 - Final%,2025-10-10 00:00:00,17022.95,1088.29,476995,14347,Paused,mr gerard palmer,,,
91,Reflect law reach under skin. Operation sound cup boy different chance enter central.,,,,,,,,,,
Society organization station TV. Buy read record wall matter management.,,,,,,,,,,,
Always it focus economy before while structure offer. Yourself public especially.,,,,,,,,,,,
"Like prepare t""",email,,-3511.02,,-383,,,,,,
Laborum ex quis fugiat ut sit voluptatem. Nemo doloremque quod aliquam quia. Harum optio reprehenderit voluptatem libero alias.,,,,,,,,,,,
Ex aut sapiente aut tenetur accusamus corporis sit. Asperiores quos eaque numquam. Officiis sequi sequi similique fugit et.,,,,,,,,,,,
Alias architecto occaecati ullam voluptatum quia inventore. Quis provident aut cumque. Temporibus aliquid recusandae eos fugiat.,,,,,,,,,,,
Minus natus recusandae cumque aspernatur. Nulla dolores totam corporis itaque ducimus.,,,,,,,,,,,
Tempore iure enim. Culpa ipsam exercitationem nesciunt odit incidunt dolorum.,,,,,,,,,,,
Voluptatum sequi autem fugit facere. Voluptatibus eos voluptate omnis earum.,,,,,,,,,,,
Tenetur quia rerum. Quod dolorem reiciendis dolor deleniti. Perspiciatis quam omnis saepe occaecati.,,,,,,,,,,,
"Est ipsam neque. At eos quibusdam cupiditate. Ratione soluta facilis magnam. Rerum ducimus repudiandae laboriosam rem.""",active,Rosie Young,,,,,,,,,
370,Lead Generation 2024 v2,2025-10-10 00:00:00,20354.83,11538.33,1165063,27800,  Paused  ,Chloe Allen,7.17,,
405,Christmas Special 2024 v2,2025-10-10 00:00:00,23658.1,757.09,71991,3425,Paused,,  5.66  ,,
289,Customer Retention 2024 v2,2025-10-10 00:00:00,23423.79,10671.54,569671,16650,Active,Rachael Taylor,5.01,,
35,Black Friday 2024 - Test,  2025-10-10  ,1331.1,238.59,9063,429,Paused,John Jones,,,
221,50% OFF,2025-10-10 00:00:00,,22904,3347089,4014557,,,,,
467,New Year Deal 2024,2025-10-10 00:00:00,2827.05,217.31,8253,191,Active,,,,
279,Spring Collection 2024 v2,2025-10-10 00:00:00,4639.93,  106.04  ,2517,112,Active,,,,
123@,Anniversary Sale 2024 - Test,2025-10-10 00:00:00,6617.09,95.69,16676,654,Paused,,7.03,,
240,Christmas Special 2024 - Final,2025-10-10 00:00:00,18308.41,2178.84,308983,3768,Active,,,,
5,Holiday Special 2023 - Final@,2025-10-10 00:00:00,27409.89,2509.84,286787,8964,Active,,4.25,,
497,Black Friday 2024,2025-10-10 00:00:00,11287.57,804.83,107051,1633,Paused,,,,
199,  Product Launch 2025 v2  ,2025-10-10 00:00:00,21447.47,760.47,123327,3095,Active,,  7.27  ,,
124,Product Launch 2023 - Test,2025-10-10 00:00:00,19466.31,5319.61,849221,  21765  ,Paused,,,,
  10  ,Black Friday 2025 - Test,2025-10-10 00:00:00,291328.59,35628.36,2762024,71310,Paused,,,,
385,Back to School 2025 - Final,2025-10-10 00:00:00,15347.62,578.17,40760,1064,Active,Steven Hunt,,,
274,Flash Sale 2024 v2,2025-10-10 00:00:00,38119.95,11019.47,1162433,14443,Paused,,,,
437,Flash Sale 2025,2025-10-10 00:00:00,8719.06,411.09,67872,664,Active,,2.86,,
407,Christmas Special 2023 - Test,2025-10-10 00:00:00,11673.66,3437.59,520722,24634,  Paused  ,James Salinas,,,
24,Referral Program 2024 - Test,2025-10-10 00:00:00,17138.98,2060.38,154027,4009,Paused,,,,
  67  ,Clearance 2025 - Final,2025-10-10 00:00:00,24618.77,327.59,30225,670,Paused,,5.67,,
34,Christmas Special 2024,2025-10-10 00:00:00,1299.68,39.65,3663,160,Paused,,,,
25,Flash Sale 2025 - Test,2025-10-10 00:00:00,20882.14,940.64,58588,344,Active,,,,
500,Anniversary Sale 2023,2025-10-10 00:00:00,13348.98,1448.23,130887,5578,Active,,3.62,,
257,  Lead Generation 2024 v2  ,2025-10-10 00:00:00,8539.8,125.8,5792,281,Active,,,,
250,Black Friday 2023 v2,2025-10-10 00:00:00,3026.02,55.8,9030,54,Active,,,,
121,  Black Friday 2023 - Final  ,,,5508.9,,3492,,,,,
241,VIP Exclusive 2025 - Phase 1,,,1263.78,,1087,,,,,
300,Holiday Special 2023 v2,2025-10-10 00:00:00,5377.62,364.07,159321,3695,Paused,Richard Stevenson,3.09,,
,,,,, ,,,,,,
27,Brand Awareness 2024 v2,2025-10-10 00:00:00,3815.54,60.67,1088,34,Paused,,5.88,,
173,Referral Program 2023,2025-10-10 00:00:00,504.16,  20.08  ,6860,225,Active,,,,
344,Brand Awareness 2025 - Phase 1,2025-10-10 00:00:00,18083.8,2966.18,334099,10286,Paused,Mohamed Byrne-Spencer,  6.09  ,,
80,Product Launch 2024 v2,2025-10-10 00:00:00,2789,105.22,14601,454,Active,William Tran,2.42,,
245,Clearance 2023 - Test,2025-10-10 00:00:00,40039.9,3985.74,729120,23834,Active,,,,
269,Holiday Special 2025 - Phase 1,2025-10-10 00:00:00,368422.54,  136119.39  ,16568576,383994,Active,,,,
259,Anniversary Sale 2025 v2,2025-10-10,14025.23,  1057.31  ,109215,1459,Active,,,,
147,Spring Collection 2024,2025-10-10 00:00:00,484332.77,4632.23,650171,30198,Active,,,,
97,Christmas Special 2023 v2,2025-10-10 00:00:00,27325.67,4606.82,733307,11015,Active,,,,
308,Holiday Special 2025 v2,2025-10-10 00:00:00,22081.97,800.39,  101996  ,1366,Paused,,5.49,,
297,Spring Collection 2023 - Test,  2025-10-10  ,7829.94,199.6,6027,48,Paused,,,,
202,Holiday Special 2023 - Phase 1,2025-10-10 00:00:00,  13965.02  ,435.09,58244,1819,Active,,,,
341,Lead Generation 2025 - Test,2025-10-10 00:00:00,,7172.07,917666,14814,,Maria Bell,105.0154110082998,,
372,Christmas Special 2025,2025-10-10 00:00:00,22790.4,2724.71,540689,5845,Active,Dr Lorraine Burgess,4.76,,
141,Test,2028-08-06 00:00:00,,In Progress,0.5,Good CTR,,,,,
157,Brand Awareness 2023 v2,2025-10-10 00:00:00,4756.57,227.93,18259,138,Paused,JAMES LOVE,,,
146,Lead Generation 2023 - Final,2025-10-10 00:00:00,9761.02,592.68,16283,549,Paused,,,,
357,Customer Retention 2024 - Test,2025-10-10 00:00:00,15679.38,1155.72,166195,5160,Active,,1.76,,
262,Brand Awareness 2023 v2,2025-10-10 00:00:00,14535.07,551.57,51716,1974,Paused,Rosemary Scott,,,
275,Anniversary Sale 2023 - Final,2025-10-10 00:00:00,285389.09,  19667.64  ,3750883,121806,Paused,,,,
312,New Year Deal 2024 - Phase 1,2025-10-10 00:00:00,  1870.17  ,  40.32  ,6247,62,Active,Ben Stephens-Dixon,4.84,,
361,Aut dignissimos deleniti. Quam quas eaque eligendi dolores amet nemo.,,,,,,,,,,
Amet a assumenda reprehenderit. Nobis dicta ad cupiditate eos aspernatur sapiente est. Iusto tempora eaque odit harum fuga.,,,,,,,,,,,
"Delectus aliquid ipsam ea saepe natus. Quibusdam pariatur ass""",,,-4055.12,,-513,,,,,,
Enough pressure occur list common idea. Participant really although threat former down second TV. After stage field exactly man receive.,,,,,,,,,,,
Care wind kitchen stay especially. Painting become kid tree imagine machine.,,,,,,,,,,,
Start middle city find medical career. These ahead cover strategy student economic lead. Relate ever statement measure play buy.,,,,,,,,,,,
Head order concern that only.,,,,,,,,,,,
Clear thus see read expect hit. Take sister Democrat determine. Question especially important after sister.,,,,,,,,,,,
Treatment positive over across education source figure.,,,,,,,,,,,
Time surface learn design few minute. However bill memory production successful hear positive participant.,,,,,,,,,,,
Loss from everybody foot. End represent throughout federal change.,,,,,,,,,,,
"South sort outside produce. Return pretty young else.""",,Molly Hansen,,,,,,,,,
355,  Product Launch 2023 v2  ,2025-10-10 00:00:00,16425.74,892.89,87904,  3779  ,Active,,,,
186,Black Friday 2023,2025-10-10 00:00:00,7883.09,598.11,98563,2434,Paused,,,,
100,Referral Program 2024 - Phase 1,2025-10-10 00:00:00,22911.16,587.07,114577,3446,Active,Christine Gallegos,,,
105,VIP Exclusive 2025,2025-10-10 00:00:00,4883.72,167.59,1720,51,Active,,,,
175,Flash Sale 2023 - Test,2025-10-10 00:00:00,21017.92,659.53,269654,6814,Paused,Amber Campbell,6.91,,
429,Referral Program 2024 - Phase 1,2025-10-10 00:00:00,1318.45,49.66,700,12,Active,Christopher Fry,0,,
183,Christmas Special 2025 - Phase 1,2025-10-10 00:00:00,11703.82,715.92,223509,11141,Active,,8.41,,
336,Referral Program 2023,2025-10-10 00:00:00,7026.19,119.01,23259,921,Paused,,,,
272,Customer Retention 2023,2025-10-10 00:00:00,13316.43,1118.61,201942,5885,Active,,7.66,,
453,Christmas Special 2023 - Final,2025-10-10 00:00:00,7798.14,568.37,20518,307,Active,,2.61,,
68,Brand Awareness 2024 - Phase 1,2025-10-10 00:00:00,2746.98,79.95,13791,617,Paused,,,,
307,Brand Awareness 2025,2025-10-10 00:00:00,18700.76,  3129.7  ,552792,5120,Active,,4.02,,
37,Christmas Special 2025 - Test,2025-10-10 00:00:00,4440.21,1427.76,  177499  ,6179,Active,,4.6,,
491,,  2030-04-14  ,1822.94,Calculating,-99999,,Pending,,,,
,,,,,,,,Team,,,
352,Referral Program 2024,2025-10-10 00:00:00,17730.84,296.85,38804,1568,Paused,,,,
456, ,2025-10-10 00:00:00,36659.45,In Progress,36073,Low,Completed,,,,
332,Referral Program 2024,2025-10-10 00:00:00,2056.01,113.29,12753,335,Active,,,,
163,Christmas Special 2025 - Phase 1,2025-10-10 00:00:00,10621.13,420.57,30540,1516,Paused,,4.02,,
83,VIP Exclusive 2025 - Test,2025-10-10 00:00:00,24183.82,2142.83,220570,1604,Active,,5.42,,
470,  VIP Exclusive 2024 - Test  ,2025-10-10 00:00:00,16766.46,1067.51,188473,5050,Active,Joel Tomlinson-Griffin,,,
63,Spring Collection 2024 - Final,  2025-10-10  ,16330.11,1902.82,728872,36147,Active,,5.72,,
384,VIP Exclusive 2023 - Phase 1,2025-10-10 00:00:00,9309.76,245.96,29664,712,Active,,6.46,,
136,,TBD,0,,-5971,,Pasued,Catherine Marshall,,,
362,Anniversary Sale 2025 - Phase 1,2025-10-10 00:00:00,590.58,131.29,25222,834,Active,,,,
233,Lead Generation 2023 - Test,2025-10-10 00:00:00,24475.4,484.37,28723,476,Active,Kim Smith,,,
165,Spring Collection 2024 - Final!,2025-10-10 00:00:00,1620.1,382.14,45241,1285,Active,,  5.68  ,,
  54  ,Holiday Special 2025,2025-10-10 00:00:00,23863.02,6411.57,776698,7071,Paused,Anna Smith-Reeves,1.77,,
102,Summer Sale 2024 - Phase 1,2025-10-10 00:00:00,321980.69,283924.27,53170205,1586788,Paused,Mr William Benson,,,
481,Holiday Special 2023,,,  1827.52  ,,1250,,,,,
134,Summer Sale 2024,2025-10-10 00:00:00,8354.15,425.87,188657,5636,Active,  Joe Miller  ,,,
  356  ,Flash Sale 2025,2025-10-10 00:00:00,6926.53,1170.69,54647,757,Active,,,,
21,,,Unlimited,,,,Running,,,,
85,Black Friday 2024 - Phase 1,2025-10-10 00:00:00,322817.24,14122.58,1400887,45652,Paused,Joel James,2.46,,
346,Black Friday 2023 v2,2025-10-10 00:00:00,6893.88,128.52,22092,129,Active,,7.75,,
228,Clearance 2024,2025-10-10 00:00:00,14593.74,610.04,70026,2828,Paused,Anthony Bowen,,,
287,Back to School 2024 - Phase 1,2025-10-10 00:00:00,29151.73,862.5,90951,1294,Active,Joanna Clarke,,,
398,Brand Awareness 2024,2025-10-10 00:00:00,1322.29,25.16,962,25,Active,,8,,
139,New Year Deal 2024 - Phase 1,2025-10-10 00:00:00,321486.12,16755.26,2990579,34913,ACTIVE,,,,
115,Black Friday 2023 - Final,  2025-10-10  ,166432.27,  55714.34  ,7121388,221641,Active,,,,
42,Christmas Special 2025 v2,2025-10-10 00:00:00,  12454.71  ,  166.57  ,23756,369,Active,  Miranda Khan  ,7.05,,
  107  ,Christmas Special 2025 - Final,2025-10-10 00:00:00,17719.71,641.82,113473,3860,Active,Dr Allan Vincent,,,
326,,2025-10-10 00:00:00,8872.75,,61755,,Active,,,,
12,Back to School 2024 v2,2025-10-10 00:00:00,  17042.71  ,1172.12,  173420  ,7814,Active,,3.21,,
412,New Year Deal 2025,2025-10-10 00:00:00,5389.82,631.97,31452,1093,Active,,,,
317,Back to School 2024 - Final,2025-10-10 00:00:00,9584.53,2079.96,67993,383,Active,,5.48,,
136,Story turn because such during open model. That second develop single baby plan. Member town glass road standard spring door. Eight community check service.,,,,,,,,,,
Week physical less nor. Large under north play person ten physical character.,,,,,,,,,,,
"Kind field ever argu""",Email,2025-10-10 00:00:00,-4880.69,71981,-646,325,,,,,
Difficult case baby such big. Strong this also from short capital heavy. Congress realize person total.,,,,,,,,,,,
Improve put down. Particular sell six doctor dream whole. Tough create question now key show sing.,,,,,,,,,,,
Industry class current painting their appear lose. Never bill suffer surface expect several. Last message store begin treat.,,,,,,,,,,,
Us increase how hear history bank. Agreement us stuff practice social. Although true line story.,,,,,,,,,,,
Past town affect democratic change vote participant. Book explain feeling answer information soldier. Artist student matter movie place offer responsibility.,,,,,,,,,,,
Ability good number cost property model. Attack moment medical write never hospital.,,,,,,,,,,,
"Player wonder effect. Ground attack drop. Billion old series card good full poor store.""",Completed,  Dr Lorraine Cook  ,,,,-0.9,,,,,
140,New Year Deal 2025,2025-10-10 00:00:00,423667.55,72206.68,5026110,  211424  ,Active,Susan Mendez,,,
15,Anniversary Sale 2023,2025-10-10 00:00:00,1382.69,  1310.36  ,420638,10238,Active,,1.37,,
263,Spring Collection 2023 - Final,2025-10-10 00:00:00,6286.8,421.86,54465,353,Active,,9.63,,
9,Christmas Special 2023 - Phase 1,2025-10-10 00:00:00,18222.14,913.45,124623,1985,Active,  Jamie Arnold  ,5.24,,
381,Summer Sale 2024,2025-10-10 00:00:00,,4342.13,375732,3220,,  MARTIN WISE  ,2.24,,
432,Holiday Special 2025 - Test,2025-10-10 00:00:00,15242.71,214.34,15160,719,Active,Mrs. Michele Boyd,,,
44,Back to School 2024 - Final,2025-10-10 00:00:00,17412.68,  241.01  ,22972,1147,Active,,8.63,,
,,,,,,,,,,,
217,Flash Sale 2025,2025-10-10 00:00:00,24049.74,2017.58,148880,5623,Paused,,7.7,,
137,Flash Sale 2023 - Phase 1,2025-10-10 00:00:00,2779.15,360.83,66606,1890,Active,Mr Phillip Ferguson,,,
254,Back to School 2025 - Test,2025-10-10 00:00:00,8193.77,  1833.28  ,42229,1445,Active,,,,
57,VIP Exclusive 2025 - Phase 1,2025-10-10 00:00:00,15107.48,217.8,15972,  622  ,Active,,,,
161,Referral Program 2025 - Test,20250718,,4105.53,Many,4786,,Christopher Donovan,,,
158,Referral Program 2023 - Final,2025-10-10 00:00:00,17868.2,881.8,78302,3319,Active,,  1.81  ,,
280,Clearance 2024 - Test,2025-10-10 00:00:00,23683.18,313.67,57946,1379,Paused,Ms Marie Watson,,,
331,50% OFF,,Unlimited,  35216.4  ,,38297,LIVE,,,,
487,Customer Retention 2023,2025-10-10 00:00:00,45311.87,597.47,242710,  1599  ,Paused,,,,
108,Black Friday 2024 - Test,2025-10-10 00:00:00,7155.84,264.03,3452,42,Paused,,2.38,,
180,Customer Retention 2023,2025-10-10 00:00:00,7831.16,561.91,24274,1117,Paused,Robert Morgan,,,
436,  Brand Awareness 2023 - Phase 1  ,2025-10-10 00:00:00,24459.19,1299.48,  106271  ,3491,Paused,Dr Norman James,  2.95  ,,
419,Product Launch 2025 - Final,2025-10-10 00:00:00,3554.4,1300.79,240374,6308,  Active  ,Sarah Webster,,,
168,Lead Generation 2023 - Final,2025-10-10 00:00:00,5588.5,728.52,72553,371,Active,,7.01,,
416,Flash Sale 2025 - Test,2025-10-10 00:00:00,17202.54,636.47,254865,10223,Active,,,,
493,Black Friday 2023 - Test,2025-10-10 00:00:00,6126.52,1418,66515,3048,active,Jacqueline Stewart,8.27,,
329,VIP Exclusive 2023 - Final,2025-10-10 00:00:00,15653.23,689.65,71798,2535,Active,,7.18,,
143,Referral Program 2023 - Final,2025-10-10 00:00:00,4905.49,189.59,15708,711,  Paused  ,,,,
499,New Year Deal 2023 - Phase 1,2025-10-10 00:00:00,278682.02,11990.23,1218302,17871,Active,marian richardson,8.47,,
171,Spring Collection 2025 - Final,2025-10-10 00:00:00,16546.85,3329.82,1489538,42625,Active,Wendy Power,,,
291,Referral Program 2023 - Test,2025-10-10 00:00:00,16150.75,2937.28,499211,12877,Active,,6.1,,
304,Referral Program 2025 v2,2025-10-10 00:00:00,12619.93,624.87,89069,1859,Paused,,,,
441,50% OFF,20241018,,49139.35,,  19204  ,,,,,
498,Christmas Special 2024 - Phase 1,2025-10-10 00:00:00,10691.26,134.5,24395,279,Paused,,,,
410,Spring Collection 2025,2025-10-10 00:00:00,3995.42,136.78,12324,570,Paused,,,,
103,Customer Retention 2024 - Test,2025-10-10 00:00:00,18660.68,224.62,29873,934,Active,  MR BILLY TURNBULL  ,7.39,,
30,Clearance 2023 - Final,2025-10-10 00:00:00,2779.81,107.4,16514,310,Paused,Elizabeth Fowler,,,
474,Holiday Special 2024 - Test,2025-10-10 00:00:00,  17133.62  ,936.29,  128014  ,4576,Paused,,2.78,,
2,anniversary sale 2024,2025-10-10 00:00:00,14250.5,1032.12,392752,9378,Active,,5.03,,
235,Back to School 2025,2025-10-10 00:00:00,22051.13,2186.73,360406,16076,Paused,,4.72,,
16,Clearance 2024 - Phase 1,2025-10-10 00:00:00,19668.47,243.25,36605,1393,Active,James Mayo,,,
496,Recently least ready activity. Here beyond gun technology cost. Down likely party hand material.,,,,,,,,,,
Red head take evidence conference capital. Rather sport result sound new task cultural.,,,,,,,,,,,
"South computer matter yet support military result. Feel no nothing hug""",SMS,2025-10-10 00:00:00,  -243.07  ,58729,-816,  132  ,,,,,
Cold billion as these nature. Side model you.,,,,,,,,,,,
Peace base use hope director. Kitchen call money color along.,,,,,,,,,,,
Ten level that various nature career. Computer our piece player nor model police. Training loss dinner become film.,,,,,,,,,,,
Choose action model serve carry. Light across two water local. She something others.,,,,,,,,,,,
Health in night house clear say hope.,,,,,,,,,,,
Enjoy instead dream share travel. Expect sea speak include table. Carry book lay laugh.,,,,,,,,,,,
Could affect anyone movement control bill especially. Road do character management game find. Your less social form such weight argue. Author like court success stage stock.,,,,,,,,,,,
His window east yes current. Miss word list race.,,,,,,,,,,,
City rock seat near business loss. Cup thought tell design both.,,,,,,,,,,,
"Address some once how during why. Situation little other he become citizen before peace. Art green child movie blue maintain first next.""",Completed,,,,,-1.39,,,,,
444,Spring Collection 2025 - Phase 1,2025-10-10 00:00:00,15226.4,7248.63,1380638,29362,Active,,4.87,,
311,Holiday Special 2023 - Phase 1,2025-10-10 00:00:00,6911.49,283.29,94099,3752,Paused,,,,
243,New Year Deal 2025 - Phase 1,2025-10-10 00:00:00,35292.49,2136.05,286928,13911,Active,,  7.74  ,,
473,Anniversary Sale 2025,  2025-10-10  ,7874.11,148.69,7187,217,Active,Penny Gomez MD,9.22,,
111,MEGA SALE,2025-10-10,4654.78,6715.26,475615,652076,Active,,,,
454,VIP Exclusive 2023,2025-10-10 00:00:00,2773.04,58.87,14397,615,Active,,  4.39  ,,
426,,2025-10-10 00:00:00,6335.03,,  99683  ,,Active,,,,
232,Lead Generation 2024,2025-10-10 00:00:00,9827.18,1671.53,108550,2083,Paused,,8.79,,
174,Lead Generation 2023 - Final,2025-10-10,9200.9,9692.82,4070645,120678,Active,,,,
23,Christmas Special 2025 - Final,2025-10-10 00:00:00,20905.83,3996.32,661268,31458,Active,MS DIANE BOND,1.17,,
  109  ,  Holiday Special 2025  ,2025-10-10 00:00:00,14049.42,4449.78,346462,10866,Paused,,4.42,,
305,Lead Generation 2025 - Final,2025-10-10 00:00:00,16378.03,16984.22,3168548,25182,Paused,,,,
267,Back to School 2024 - Phase 1,2025-10-10 00:00:00,16150.12,258.64,23654,572,  Active  ,James Barton,9.09,,
378,Summer Sale 2024 - Final,2025-10-10 00:00:00,139993.56,2090.61,113293,  640  ,Paused,,,,
  152  ,Holiday Special 2025 - Phase 1,2025-10-10 00:00:00,6042.94,342.72,20304,788,Paused,Kyle Ellis,,,
17,Summer Sale 2023 - Phase 1,2025-10-10 00:00:00,19446.5,6096.21,  770627  ,27417,Active,,,,
  363  ,VIP Exclusive 2024 v2,2025-10-10 00:00:00,177845.4,  52617.22  ,4698708,60344,Active,Patrick Parker,8.63,,
489,Anniversary Sale 2024 - Phase 1,2025-10-10 00:00:00,37626.31,43470.96,18139229,554374,Active,Jemma Phillips,,,
129,Christmas Special 2024 v2,2025-10-10 00:00:00,6935.71,292.62,10632,197,Active,  Denise Stanley  ,,,
225,Summer Sale 2023,2025-10-10 00:00:00,22312.95,3581.8,707975,10383,Paused,,,,
164%,Back to School 2023 - Phase 1,2025-10-10 00:00:00,16020.44,1540.14,300018,6675,Active,,,,
480,Anniversary Sale 2024,2025-10-10 00:00:00,14723.18,1089.02,160699,5555,Paused,,,,
81,Summer Sale 2025 v2,31-05-2025,,6454.88,Low,3966,,Julie Alexander,,,
205,Clearance 2024 - Phase 1,2025-10-10 00:00:00,3437.02,150.4,29082,790,Active,,1.01,,
448,Referral Program 2023 - Final,2025-10-10 00:00:00,10933.31,245.41,24632,1149,Paused,Amelia Ward,5.05,,
258,  Flash Sale 2023 - Phase 1  ,2025-10-10 00:00:00,23149.81,  1878.42  ,137387,6853,Active,,7.02,,
114,Product Launch 2023 - Phase 1,2025-10-10 00:00:00,319070.23,16478.34,2144740,99853,Active,Scott Patel,,,
459,Summer Sale 2023 - Test,2025-10-10 00:00:00,12399.79,394.17,84133,1223,Paused,,,,
386,Test,2025-10-10 00:00:00,2245.24,In Progress,17315,Low,Completed,,,,
423,Christmas Special 2024 - Final,2025-10-10 00:00:00,230382.03,10466.23,812283,  9909  ,Paused,,,,
310,Anniversary Sale 2025,2025-10-10 00:00:00,39693.82,18082.69,  5791568  ,196874,Active,,1.38,,
286,CUSTOMER RETENTION 2023 - TEST,2025-10-10 00:00:00,13937.48,472.53,63833,2899,Active,Michael Miles,,,
486,Product Launch 2025 - Test,2025-10-10 00:00:00,14596.22,2379.76,1124968,30938,Paused,,,,
  252  ,  Customer Retention 2023 - Final  ,2025-10-10 00:00:00,599.51,9.37,125,2,Active,Chad Smith,0,,
390,Flash Sale 2024 - Phase 1,2025-10-10 00:00:00,442227,9186.02,1717287,17024,Active,Brandon Rodriguez,,,
369,  Summer Sale 2025 v2  ,2025-10-10 00:00:00,387111.68,191576.79,24401864,985075,Active,,7.82,,
213,Anniversary Sale 2023 v2,2025-10-10 00:00:00,2694.07,829.01,92708,1113,Active,Grace Morgan-Graham,,,
342,VIP Exclusive 2024 - Test,  2025-10-10  ,19581.21,1124.75,154816,  5208  ,Active,Craig Bell-Watts,,,
169,VIP Exclusive 2024,2025-10-10 00:00:00,20139.1,9315.17,1497702,13891,Active,John Harris,,,
127,Christmas Special 2024 v2,2025-10-10,35084.26,7906.89,3915981,93999,Active,Joseph Bennett,,,
328,  Back to School 2025  ,2025-10-10 00:00:00,18240.32,670.6,187754,7764,Active,,,,
371,Holiday Special 2025 - Phase 1,2025-10-10 00:00:00,3161.64,3249.55,382570,17316,Active,,1.84,,
334,Brand Awareness 2024 - Phase 1,2025-10-10 00:00:00,9247.57,150.66,26243,1187,Active,Marie Hill,,,
69,Spring Collection 2024,2025-10-10 00:00:00,19091.61,251.41,35776,1637,PAUSED,,,,
255,Anniversary Sale 2025 v2,2025-10-10 00:00:00,348175.52,96462.93,18292216,564104,Active,Christopher Sanders,,,
177,Holiday Special 2025 - Test,2025-10-10 00:00:00,17650.35,1617.02,153353,5607,Paused,,8.74,,
76,,2025-10-10 00:00:00,10251.83,,86139,,Active,,,,
283,Lead Generation 2024,2025-10-10 00:00:00,9477.61,3346.45,521146,15756,Active,Eric Dixon,7.96,,
408,Anniversary Sale 2024 - Test,2025-10-10 00:00:00,161373.96,4579.24,594021,  21253  ,Active,Julia Gardiner,,,
99,Customer Retention 2024 - Test,2025-10-10 00:00:00,14482.54,617.13,85626,3261,Active,,,,
,,,,,,,,,,,
206,Product Launch 2025 - Phase 1,2025-10-10 00:00:00,240429.14,23559.29,1293037,26672,Active,,,,
6,PRODUCT LAUNCH 2023,2025-10-10 00:00:00,18896.51,282.79,28569,520,Paused,,2.31,,
185,Anniversary Sale 2023,2025-10-10 00:00:00,199271.92,13866.14,806180,32843,Active,Julie Ball,6.02,,
284,Lead Generation 2025 v2,2025-10-10 00:00:00,8958.05,2227.17,287310,3023,Active,,,,
325,New Year Deal 2025 - Final,  2025-10-10  ,109079,6841.23,1195901,33568,Paused,Terry Hill,,,
200,Christmas Special 2024 - Final,2025-10-10 00:00:00,3771.27,983.94,38353,1798,active,James Jacobs,,,
335,Spring Collection 2023 v2,2025-10-10 00:00:00,9468.05,1766.73,85696,3342,  Active  ,Robert Stark,,,
  303  ,Black Friday 2025,2025-10-10 00:00:00,11761.58,531.33,70932,3100,Active,,,,
  319  ,Holiday Special 2023 - Final,2025-10-10 00:00:00,76438.54,14265.65,1215807,55769,Paused,,,,
9,Christmas Special 2023 - Phase 1,2025-10-10 00:00:00,18222.14,913.45,124623,1985,Active,  Jamie Arnold  ,5.24,,
237,Anniversary Sale 2024 - Phase 1,2025-10-10 00:00:00,493532.44,13476.39,1664218,32652,Active,,,,
  445  ,Brand Awareness 2023 - Final,2025-10-10 00:00:00,6856.46,323.46,20658,941,Active,,4.04,,
394,Anniversary Sale 2025,2025-10-10 00:00:00,114422.65,28835.13,3915346,170537,  Active  ,,,,
53,Christmas Special 2025 v2,2025-10-10 00:00:00,29682.87,2683.48,287496,9166,Paused,Catherine Green,3.64,,
220,  Back to School 2024 v2  ,2025-10-10 00:00:00,18988.52,3799.07,553539,12209,Paused,,,,
120,Anniversary Sale 2023 - Final,2025-10-10 00:00:00,14352.25,2675.15,  222249  ,1438,Active,,,,
, ,,,,,,,,,,
368,Christmas Special 2025 - Phase 1,2025-10-10 00:00:00,5407.51,4751.35,1100871,20500,Paused,,8.34,,
160,Lead Generation 2023 v2,2025-10-10 00:00:00,731.99,291.66,10390,454,Paused,Julia Dawson,3.3,,
281,Campaign,10/16/2024,,In Progress,Low,Low,,,,,
365,Flash Sale 2023 - Test,2025-10-10 00:00:00,  408025.36  ,234439.25,  41665808  ,2024012,Active,,8.97,,
353,Summer Sale 2024 - Final,2025-10-10 00:00:00,984.65,449.22,84547,1784,Active,Chelsea Hughes,,,
132,Brand Awareness 2023 - Final,2025-10-10 00:00:00,466082.49,56355.67,  7993742  ,59763,Paused,Eric Clark,,,
396,Christmas Special 2023 - Test,2025-10-10 00:00:00,14266.55,814.95,139574,2101,  Active  ,,,,
270,Black Friday 2023,2025-10-10 00:00:00,19131.1,486.77,39169,1173,Active,,  9.63  ,,
188,  Black Friday 2023 - Final  ,2025-10-10 00:00:00,6641.85,583.8,80032,3827,Paused,Matthew Mendez,,,
77,VIP Exclusive 2024 v2!,2025-10-10 00:00:00,  21394.24  ,3497.31,646309,  16177  ,Paused,Elizabeth Atkinson,1.79,,
229,Flash Sale 2025 - Final,2025-10-10 00:00:00,18523.86,1188.83,72217,2885,  Active  ,,,,
  224  ,Customer Retention 2023 - Phase 1,2025-10-10 00:00:00,8221.3,447.16,44133,958,Active,JARED CUNNINGHAM,7.83,,
187,Lead Generation 2024 v2,2025-10-10 00:00:00,14531.61,2783.19,367739,3247,Paused,,2.86,,
196,Summer Sale 2025,2025-10-10 00:00:00,  4164.25  ,0,13622,100.5,Completed,,4.98,,
295,New Year Deal 2025 - Final,2025-10-10 00:00:00,9031.14,9721.3,1512688,37646,Active,,,,
314,VIP Exclusive 2023 - Test,2025-10-10 00:00:00,173316.44,5150.21,859665,23319,Active,John Phelps,7.63,,
,,, ,,, ,  null  ,,,,
227,Brand Awareness 2024 v2,2025-10-10 00:00:00,9024.29,1129.9,127089,5598,  Paused  ,,,,
249,Christmas Special 2025 v2,2025-10-10 00:00:00,1983.1,100.83,3962,  113  ,Paused,,,,
,,,, ,,     ,,,,,
38,Anniversary Sale 2024 - Phase 1,2025-10-10 00:00:00,11330,344.37,31013,337,Paused,,,,
,,08/25/2025,,,High,,,,,,
208,Anniversary Sale 2025 - Phase 1,2025-10-10 00:00:00,9653.76,158.23,31540,1363,Active,,,,
82,Customer Retention 2023 - Test,2025-10-10 00:00:00,8318.34,431.94,38926,628,Paused,,1.75,,
219,Referral Program 2024 - Test,2025-10-10 00:00:00,22349,872.63,46426,1021,Paused,,,,
218,Back to School 2025 v2,2025-10-10 00:00:00,14736.39,511.64,192050,2299,Active,Jonathan Brooks,7.92,,
  427  ,Back to School 2024 v2,2025-10-10 00:00:00,8098.93,1557.83,268920,9662,Active,Daniel Barton,,,
40,Referral Program 2024 - Final,2025-10-10 00:00:00,13814.04,714.07,70169,  946  ,Active,Alex Spencer,,,
32,Brand Awareness 2023 - Phase 1,2025-10-10 00:00:00,14564.57,388.82,45130,600,Active,,,,
349,Spring Collection 2025 v2,2025-10-10 00:00:00,5484.69,651.12,69015,3405,Active,,8.02,,
167,New Year Deal 2023 - Test,2025-10-10 00:00:00,15942.63,1222.86,182511,6353,Active,  Stanley Holland  ,,,
370,Lead Generation 2024 v2,2025-10-10 00:00:00,  20354.83  ,11538.33,1165063,27800,Paused,Chloe Allen,7.17,,
435,  Spring Collection 2023 v2  ,2025-10-10 00:00:00,  249788.14  ,  11489.59  ,597245,5976,Active,,1.54,,
18,New Year Deal 2025 v2,2025-10-10 00:00:00,26476.1,3302.46,1237573,58551,Active,,7.63,,
176,,2025-10-10 00:00:00,416859.87,,14573,,Completed,  Holly Wood  ,,,
89,Referral Program 2024 - Phase 1,2025-10-10 00:00:00,7154.73,377.27,60790,958,Active,Juan Moore,1.36,,
420,Lead Generation 2023 - Test,2025-10-10 00:00:00,157213.5,5504.76,757725,6763,Paused,Annette Hope,,,
265,Black Friday 2024 v2,  2025-10-10  ,21529.71,287.26,25871,243,  Paused  ,,,,
226,,2025-10-10 00:00:00,13555.95,,40361,,Completed,Team,Poor,,
443,Christmas Special 2025 - Final,  2025-10-10  ,3173.42,31.45,2083,100,Active,,,,
411,Clearance 2025,2025-10-10 00:00:00,2447.13,668.05,128085,1592,  Active  ,,1.51,,
106,,2025-10-10 00:00:00,20472.75,Calculating,53022,Good CTR,Completed,,,,
399,Referral Program 2023 - Final,2025-10-10 00:00:00,24781.05,283.78,28551,1013,Paused,,  9.87  ,,
484,Referral Program 2025 - Test,2025-10-10 00:00:00,40624.94,614.22,  204438  ,  6809  ,active,,,,
247,Referral Program 2024 - Final,2025-10-10 00:00:00,10641.85,648.58,  113673  ,2099,Paused,,7.48,,
65,Anniversary Sale 2023 - Test,2025-10-10 00:00:00,  3483.15  ,91.76,1622,81,  Paused  ,,1.23,,
145,Back to School 2025,  2025-10-10  ,13397.99,10722.05,5008896,70454,Active,,,,
316,Test,2025-10-10 00:00:00,21310.32,In Progress,52576,Low,Completed,,,,
457,Flash Sale 2025 - Phase 1,  2025-10-10  ,6041.84,140.63,47115,586,Active,,,,
238,Black Friday 2023,2025-10-10 00:00:00,13208.21,145.48,23316,701,Active,Ms Bethan Grant,,,
421,Campaign,,,In Progress,,,,Dr Norman Fisher,,,
  266  ,Summer Sale 2024,2025-10-10 00:00:00,9112.15,413.88,36332,237,Paused,Rebecca Gibson,,,
359,Customer Retention 2023 - Phase 1,2025-10-10 00:00:00,15025.72,2134.24,985481,10514,Paused,,,,
190,Flash Sale 2025,2025-10-10 00:00:00,64037.4,8266.88,915723,28892,Active,Patty Taylor,9.15,,
96,Flash Sale 2023,2025-10-10 00:00:00,  9941.82  ,2917.51,37229,1750,Active,Melissa Williams,1.26,,
302,Black Friday 2024 - Final,2025-10-10 00:00:00,8510.42,  603.0  ,86521,3392,Active,,,,
382,Spring Collection 2025 - Test,2025-10-10 00:00:00,10664.89,1333.21,  216756  ,  3317  ,Paused,Martha Smith,7.57,,
31,Back to School 2024 - Phase 1,,  Variable  ,7273.39,,4307,ACTIVE,,,,
130,Summer Sale 2025 - Test,2025-10-10 00:00:00,34464.16,1464.85,282962,11224,  Active  ,Gillian Mitchell-Clark,,,
278,Flash Sale 2023 - Test,2025-10-10 00:00:00,12618.8,1739.66,313108,14124,Active,,,,
446,Holiday Special 2024 v2,2025-10-10 00:00:00,310320.21,19014.8,2844793,119645,Active,,7.61,,
338,Brand Awareness 2025 - Final,2025-10-10 00:00:00,  18696.09  ,870.26,44544,  783  ,Active,Stephen Campbell,,,
,,20250729,,,High,,,Michael Brown,,,
4,Christmas Special 2023 - Phase 1,  2025-10-10  ,7113.72,554.94,85030,1265,Active,Michelle Miles,3.87,,
86,Brand Awareness 2023,2025-10-10 00:00:00,7784,501.61,19490,609,Paused,Ross Jordan,,,
282,VIP Exclusive 2024 - Final,2025-10-10 00:00:00,32036.71,1929.21,116919,5285,Active,Gareth Johnson,,,
,,0000-00-00,,,-8808,,,Charles Lester,,,
  36  ,,2025-10-10 00:00:00,6755.59,Calculating,76529,Good CTR,Completed,Shane Henderson,,,
440,Christmas Special 2024 v2,2025-10-10 00:00:00,19274.77,4451.59,801865,32782,Active,,,,
125,Referral Program 2025,2025-10-10 00:00:00,261.19,3.78,61,1,Active,,0,,
49,Anniversary Sale 2023 - Phase 1,2025-10-10 00:00:00,10498.84,1126.82,61870,1340,Active,,4.93,,
28,Lead Generation 2024 v2,2025-10-10 00:00:00,12509.94,1522.16,158804,7165,Active,,,,
39,New Year Deal 2023 - Phase 1,2025-10-10 00:00:00,10679.51,623.81,75376,1926,Active,,,,
138,Brand Awareness 2025 - Test,2025-10-10 00:00:00,193125.97,5850.32,358057,5056,Active,,,,
60,New Year Deal 2024 - Final,2025-10-10 00:00:00,3171.72,123.67,2884,36,Active,,,,
362,Anniversary Sale 2025 - Phase 1,2025-10-10 00:00:00,590.58,131.29,25222,834,Active,,,,
383,Back to School 2025,2025-10-10 00:00:00,1776.62,60.75,28875,307,Active,Bruce Gould,,,
463,VIP Exclusive 2024 - Phase 1,2025-10-10 00:00:00,21328.77,2058.57,299595,10506,  Paused  ,Sheila Moore,,,
192,Lead Generation 2025 - Final,2025-10-10 00:00:00,17741.54,1988.14,346825,14764,  Active  ,,,,
110,Christmas Special 2024 - Test,2025-10-10 00:00:00,5091.1,1662.31,221437,  5173  ,Paused,,1.22,,
360,Brand Awareness 2023 v2,2025-10-10,204305.14,  16132.14  ,826163,25933,paused,,7.1,,
56,50% OFF,2025-10-10 00:00:00,1886.12,3267.57,73060,102710,Paused,,1.05,,
236,Product Launch 2023 v2,2025-10-10 00:00:00,358.24,148.99,6137,67,Active,,,,
393,New Year Deal 2023 - Test,2025-10-10 00:00:00,358783.2,27457.47,3493608,121264,Active,Sarah Ward,,,
72,Customer Retention 2024,2025-10-10 00:00:00,20844.4,1243.57,245136,6504,Paused,,,,
462,Customer Retention 2023 - Final,2025-10-10 00:00:00,40801.82,4596.16,1447897,7561,Active,,7.18,,
126,,2025-10-10 00:00:00,22643.11,,22695,,Paused,,,,
459,Summer Sale 2023 - Test,2025-10-10 00:00:00,12399.79,  394.17  ,84133,1223,Paused,,,,
84,Flash Sale 2025 v2,2025-10-10 00:00:00,13971.5,789.48,113279,3681,Active,,2.15,,
271,Maxime expedita atque quam iste. Error repellat beatae sed. Perspiciatis cum voluptates doloribus.,,,,,,,,,,
Cum nam vero doloremque illo delectus odit. Hic qui sunt ipsum inventore a.,,,,,,,,,,,
"Eius provident recusandae neque reiciendis. Deleniti eveniet itaque ea similique""",EM,,-2558.73,,-936,,,,,,
Molestias voluptatibus aut rerum quibusdam error.,,,,,,,,,,,
Ea similique assumenda sint blanditiis repellat distinctio.,,,,,,,,,,,
Similique nostrum incidunt nulla quos repellendus. Necessitatibus minus nisi cumque. Enim eaque similique voluptates perspiciatis. Consequatur quibusdam illum animi.,,,,,,,,,,,
Praesentium consequatur corporis eum. Quis perspiciatis laudantium neque eaque.,,,,,,,,,,,
Iste odio sunt at maiores eius. Iste laborum neque sit sed at. Odio possimus sed recusandae id voluptas repudiandae.,,,,,,,,,,,
Eum eligendi molestias consectetur sequi. Tempora quis aliquid numquam saepe accusamus. Ipsam a vero dicta.,,,,,,,,,,,
Culpa ut earum omnis dolorum. Optio officiis amet numquam quas quidem.,,,,,,,,,,,
"Provident a labore consequatur. Maxime ipsum ab exercitationem blanditiis. Possimus labore dolorem at rem aut.""",1,,,,,,,,,,
52,New Year Deal 2023,2025-10-10 00:00:00,11574.13,541.32,77011,2905,Active,Leslie Alvarado,9.16,,
216&,Referral Program 2025 - Final,2025-10-10 00:00:00,387756.31,47551.95,4278512,96946,Active,,,,
358,New Year Deal 2023,2025-10-10 00:00:00,2847.84,184.4,15667,501,Active,Kimberly Villanueva,,,
458,VIP Exclusive 2024,2025-10-10 00:00:00,20753.82,7319.45,1425622,29726,Active,Rachel Lane,1.27,,
392,  Referral Program 2025 - Test  ,2025-10-10 00:00:00,3496.47,179.89,3522,74,Active,Maria Bryant,,,
134,,2025-13-45,0,,-1112,,Complted,,,,
290*,Holiday Special 2025,2025-10-10 00:00:00,21920.39,366.09,58273,1456,  Paused  ,,,,
58,Brand Awareness 2023 v2,2025-10-10 00:00:00,10183.95,2117.71,108327,2010,Active,Tracey Higgins,,,
465,Flash Sale 2025 - Phase 1,2025-10-10 00:00:00,23811.62,1168.92,164614,4237,Active,,1.96,,
71,,2029-03-28 00:00:00,12018.31,,0.5,Low,Draft,Dr Ronald White,,,
98,Black Friday 2023 - Final,2025-10-10 00:00:00,1098.88,127.69,4330,158,Active,Helen Wells,1.27,,
11,referral program 2024 - final,  2025-10-10  ,2725.51,97.91,2761,66,Active,,,,
350,Product Launch 2023 - Final,2025-10-10 00:00:00,13003.05,379.96,61126,1854,Active,Meagan Daniel,,,
298,Referral Program 2025 v2,2025-10-10 00:00:00,  18386.29  ,4375.23,359386,5477,Active,,,,
475,New Year Deal 2024 v2,2025-10-10 00:00:00,17958.66,281.45,32127,768,Active,,4.69,,
273,Summer Sale 2024,2025-10-10 00:00:00,20966.13,1573.57,271630,2753,Active,,,,
89,,,,,,,ACTIVE,,,,
400,Black Friday 2023 - Test,2025-10-10 00:00:00,  17550.91  ,2680.7,192269,2848,Paused,,7.72,,
309,Spring Collection 2023 - Test,2025-10-10 00:00:00,22822.88,471.48,83402,1418,Paused,Christian Hale-Morris,,,
231#,Product Launch 2023 - Final,2025-10-10 00:00:00,282.05,24.28,887,6,paused,,,,
380,Back to School 2025,  2025-10-10  ,9253.08,366.34,5611,72,Active,Bonnie Gross,,,
 ,  null  ,,, ,,,,,,,
366,Back to School 2025 - Test,2025-10-10 00:00:00,12107.07,164.48,23967,972,Active,,,,
447,Spring Collection 2023 - Final,2025-10-10 00:00:00,24486.28,4740.89,625384,7801,Paused,,,,
373,Flash Sale 2023 - Final,2025-10-10 00:00:00,20702.27,2696.31,234649,4646,Paused,Nicole Schmidt,6.11,,
95,Flash Sale 2023 v2,2025-10-10 00:00:00,6695.76,328.15,45111,410,Active,Mary Bass,,,
452,Holiday Special 2023 - Phase 1,2025-10-10 00:00:00,2939.66,137.24,17242,576,Active,,,,
264,Lead Generation 2024 - Test,2025-10-10 00:00:00,229435.16,30172.26,4885570,189849,Active,  David Ortega  ,,,
313,  BLACK FRIDAY 2023 - PHASE 1  ,2025-10-10 00:00:00,17665.11,1025.69,156712,4555,Active,Christopher Owens,3.12,,
119,Spring Collection 2023 - Final,2025-10-10 00:00:00,23019.44,1173.27,89151,1115,Active,,,,
223,Christmas Special 2025,2025-10-10 00:00:00,27051.39,2153.74,668686,10828,Paused,,  6.62  ,,
413,Referral Program 2025 - Phase 1,2025-10-10 00:00:00,20877.3,1322.59,236308,4266,Paused,,5.34,,
234,Clearance 2025 - Phase 1,2025-10-10 00:00:00,3359.92,68.33,1248,  14  ,Active,Melissa Miller,0,,
438,Customer Retention 2024 - Test,2025-10-10 00:00:00,3213.28,180.75,4380,  47  ,Paused,Lance Montoya,6.38,,
212,Spring Collection 2024 - Final,2025-10-10 00:00:00,15848.78,6755.63,1187488,7464,Paused,,,,
179,Product Launch 2024,2025-10-10 00:00:00,64537.87,4273.21,279348,  12308  ,Active,,,,
73,Holiday Special 2023 - Final,2025-10-10 00:00:00,21622.39,17711.37,2627653,45444,Active,John Green,,,
256,Customer Retention 2025,2025-10-10 00:00:00,18997.22,  1779.3  ,716757,24899,Paused,Douglas Hartman,,,
88,Clearance 2025 - Test,2025-10-10 00:00:00,265911.54,9078.18,1726422,64697,Active,,3.59,,
  215  ,New Year Deal 2023 - Final,2025-10-10 00:00:00,1959.12,98.91,  1185  ,34,Active,,,,
181,Nobis illo aliquam aliquam quae. Maxime corrupti tempora consequuntur ut et hic.,,,,,,,,,,
Nisi magni magni laudantium natus. Repellendus fuga perferendis voluptatem nesciunt reiciendis quas. Ad labore voluptas quos quod neque quam nesciunt. Minima quam quo fugit.,,,,,,,,,,,
""",,,,,-197.25,,-248,,""  Veritatis rem enim enim quae expedita. Omnis quibusdam distinctio repudiandae earum natus. Consequatur nulla nesciunt doloribus pariatur.",,,,,,,,,,,
Odit amet impedit quaerat aut. A mollitia ut illum. Labore dicta vitae eum officia tenetur at.,,,,,,,,,,,
Modi quam vel totam cupiditate. Ut alias saepe ratione. Vel vitae unde soluta.,,,,,,,,,,,
Necessitatibus autem voluptatem eligendi voluptatibus.,,,,,,,,,,,
Laudantium vel sed iusto deserunt beatae cum. Officia quaerat accusamus excepturi eos perferendis deserunt. Sequi tempore repudiandae maiores assumenda pariatur delectus consequuntur.,,,,,,,,,,,
Ab fugit ipsum eaque eveniet. Quam accusamus officiis possimus aperiam blanditiis esse illo. Unde suscipit quo porro odit velit facilis.,,,,,,,,,,,
Vero laboriosam iste voluptates fuga. Totam quidem reiciendis repudiandae quis perspiciatis nisi.,,,,,,,,,,,
"Ipsum provident aspernatur natus aperiam molestias magnam. Modi cum sequi ipsam perspiciatis quaerat laborum.  """,,,,,,,,,,,
494,Brand Awareness 2023 - Final,2025-10-10 00:00:00,4482.45,164.22,26578,1238,Paused,,,,
239,Spring Collection 2025 - Final,2025-10-10 00:00:00,14843.47,2864.12,912402,20700,Active,CHRISTIAN DAWSON,,,
45,Black Friday 2023 - Final,2025-10-10 00:00:00,5865.61,74.47,6523,254,Paused,,,,
7,Back to School 2023 v2,  2025-10-10  ,9298.08,2141.33,92648,1745,Active,,1.49,,
235,Back to School 2025,2025-10-10 00:00:00,22051.13,2186.73,360406,16076,Paused,,4.72,,
318&,Flash Sale 2023 - Phase 1,2025-10-10 00:00:00,10508.84,311.05,29092,488,Paused,JARED CHAVEZ,,,
144,Black Friday 2024 v2,2025-10-10 00:00:00,24792.78,406.73,34768,671,paused,Miss Melissa Miller,  7.6  ,,
116,Spring Collection 2025 - Test,2025-10-10 00:00:00,12165.98,847.51,130952,2534,Active,,,,
340,New Year Deal 2023,2025-10-10 00:00:00,3533.42,243.5,46557,1172,  Active  ,,6.14,,
128,Christmas Special 2023 v2,2025-10-10 00:00:00,7252.08,272.27,4371,102,Active,Maureen O'Donnell-Swift,,,
464,Clearance 2023 - Phase 1,2025-10-10 00:00:00,55907.65,49559.57,8562739,115222,Active,,,,
414,Referral Program 2024 - Test,2025-10-10 00:00:00,1160.92,218.23,8488,  196  ,Active,,,,
450,Anniversary Sale 2023 - Final,2025-10-10 00:00:00,8808.11,2659.46,115791,4722,Active,MICHELLE BROWN,4.72,,
29,Customer Retention 2024,2025-10-10 00:00:00,15453.13,980.34,  53237  ,2304,Active,,,,
8,Anniversary Sale 2024 v2,2025-10-10 00:00:00,229546.53,8177.02,866871,39427,Active,,,,
148,Customer Retention 2025,2025-10-10,6788.12,2861.92,143645,3212,Active,,7.57,,
150,New Year Deal 2025 - Phase 1,2025-10-10 00:00:00,36768.73,1110.55,236113,3704,Active,,1.43,,
299,Brand Awareness 2025 v2,  2025-10-10  ,299262.15,9454.99,1685870,22751,Active,,,,
424,Black Friday 2023 - Phase 1,2025-10-10 00:00:00,7305.03,155.81,28202,206,Active,,  9.71  ,,
364,Flash Sale 2025 - Final,2025-10-10 00:00:00,26819.41,10009.09,3495990,85712,  Active  ,Sean Silva,,,
488,Brand Awareness 2024,2025-10-10 00:00:00,3855.95,295.65,3170,84,Paused,,3.57,,
26,,  2025-10-10  ,3302.54,,29569,,Completed,Malcolm Coates,,,
292,Clearance 2024,2025-10-10 00:00:00,24154.52,361.14,66414,1578,Active,,,,
439,Back to School 2024 - Final,2025-10-10 00:00:00,5783.36,1033.86,161638,6034,Active,Shane Jones,,,
230,  VIP Exclusive 2023 - Phase 1  ,2025-10-10 00:00:00,4321.78,314.45,19770,756,Active,,,,
433,Clearance 2023,2025-10-10 00:00:00,1840.58,42.81,20679,960,Active,,1.46,,
293,  Lead Generation 2023 v2  ,2025-10-10 00:00:00,1546.76,95.17,3590,75,Active,Suzanne Yang,,,
322,VIP Exclusive 2025 v2*,2025-10-10 00:00:00,21738.54,485.95,  31118  ,1371,Paused,,,,
13,VIP Exclusive 2025,2025-10-10 00:00:00,825.28,10.9,224,10,Active,,0,,
94,New Year Deal 2023 - Test,2025-10-10 00:00:00,12215.46,266.57,52867,1153,Active,Stephen Taylor,,,
90!,Anniversary Sale 2023 - Final,2025-10-10 00:00:00,8368.61,112.11,20873,188,Active,,5.85,,
184,Product Launch 2023 - Test,2025-10-10 00:00:00,4511.01,58.54,2688,36,Paused,Louise Turner,,,
156,Product Launch 2025,2025-10-10 00:00:00,11356.21,256.73,23211,551,Active,,,,
131,Summer Sale 2025,2025-10-10 00:00:00,16193.16,0,71471,1000.25,Active,,2.3,,
461,Brand Awareness 2025 - Test,2025-10-10 00:00:00,,  7768.67  ,963880,6861,,Sara Davison-Owen,,,
222!,Holiday Special 2023 - Final,2025-10-10 00:00:00,9475.67,1975.45,119773,5612,Paused,Brent Hernandez,,,
20,Christmas Special 2025 v2,2025-10-10 00:00:00,23823.99,3549.57,342756,14154,Active,,,,
118,New Year Deal 2025 - Final,2025-10-10,10117.33,475.34,48863,1251,Paused,Benjamin Ali,,,
296,Anniversary Sale 2023,2025-10-10 00:00:00,5310.6,187.75,68325,2165,Active,,,,
143,Referral Program 2023 - Final,2025-10-10 00:00:00,4905.49,189.59,15708,711,Paused,,,,
207,Product Launch 2024 v2,2025-10-10 00:00:00,8905.86,127.54,14487,345,Active,,,,
43,  Customer Retention 2024 - Test  ,2025-10-10 00:00:00,10595.27,3788.59,  291753  ,3757,Paused,Dr Neil Green,,,
482,Referral Program 2025 - Final,2025-10-10 00:00:00,5119.1,418.81,8530,310,Active,,,,
375,Christmas Special 2024 v2,2025-10-10 00:00:00,163744.98,9119.01,1088126,9024,Paused,,,,
417,Summer Sale 2025 - Final,2025-10-10 00:00:00,6569.81,245.94,31157,505,Active,Eric Mills,,,
112,Flash Sale 2025,2025-10-10 00:00:00,31389.42,4400.92,437589,8779,Paused,,8.34,,
469,Summer Sale 2025 - Phase 1,2025-10-10 00:00:00,17161.13,15724.12,1324649,36615,Active,Sheila Francis,,,
  404  ,Referral Program 2024 v2,  2025-10-10  ,16466.67,238.64,19358,670,Active,,,,
434,New Year Deal 2023 - Phase 1,2025-10-10 00:00:00,9606.26,138.4,20678,172,Active,,,,
142,Back to School 2025 - Test,2025-10-10 00:00:00,6521.73,665.25,74374,2214,Active,Brenda Lawson,1.54,,
430,New Year Deal 2025 - Phase 1,2025-10-10 00:00:00,15584.57,1200.49,563423,26139,Paused,John Brown,9.06,,
93,Clearance 2024 - Test,2025-10-10 00:00:00,8575.82,4429.34,602087,10096,Paused,Dennis Clark,,,
209,Customer Retention 2025 - Test,2025-10-10 00:00:00,8931.44,95.74,9829,349,Active,,,,
431,Product Launch 2025 - Test,2025-10-10 00:00:00,553.38,92.75,6705,231,Active,,3.46,,
242,Flash Sale 2023 - Final,2025-10-10 00:00:00,661.04,34.64,3177,105,Active,,7.62,,
214,Summer Sale 2023 - Test,2025-10-10 00:00:00,9000.21,394.15,100858,2221,Paused,Kayleigh Scott,3.33,,
478,Summer Sale 2025 v2,2025-10-10 00:00:00,321705.8,136469.81,8806334,124990,Active,,,,
460,Product Launch 2025,2025-10-10,9880.01,783.23,167622,  5693  ,ACTIVE,,,,
104,Referral Program 2025 - Phase 1,2025-10-10 00:00:00,295945.85,36934.85,6774024,335751,Active,karen strickland,9.61,,
143*,Referral Program 2023 - Final,2025-10-10 00:00:00,4905.49,189.59,15708,711,Paused,,,,
193,Lead Generation 2025 - Final,2025-10-10 00:00:00,1739.5,1445.24,51651,749,Active,,2.67,,
260,Lead Generation 2024 v2,2025-10-10 00:00:00,13397,1532.27,249127,4378,  Paused  ,,  5.64  ,,
327,Referral Program 2025 - Phase 1,2025-10-10 00:00:00,21958.86,3760.14,498779,23082,Active,,,,
64,Brand Awareness 2025 v2,2025-10-10 00:00:00,3965,207.05,40406,1472,Active,Dr Alexander Williams,4.48,,
321,Back to School 2025 - Final,  11/26/2024  ,,5601.18,,445,,Deanna Hess,,,
  339  ,Flash Sale 2025,2025-10-10 00:00:00,7426.52,350.86,17429,309,Paused,Chelsea Travis,,,
406,Loss professional political chance step. Approach poor church support system thank avoid man. Former everything medical nearly her.,,,,,,,,,,
Learn soon large task. Firm wonder seat adult idea along near.,,,,,,,,,,,
"White point three none pressure lay future stay. Such forwar""",Direct Mail,2025-10-10 00:00:00,-3816.87,25651,-855,153,,,,,
Soluta in accusamus autem fugit. Pariatur dicta quibusdam. Voluptates placeat corporis aperiam.,,,,,,,,,,,
Quidem adipisci repellendus aut sint. Sint quia natus dolores quos reiciendis enim.,,,,,,,,,,,
Harum vero voluptate est mollitia accusamus.,,,,,,,,,,,
Nulla quos sit rerum tenetur. Quidem molestias nobis quod vitae eos.,,,,,,,,,,,
Deleniti cupiditate maiores fugiat. Eius eaque cum sapiente ab iure.,,,,,,,,,,,
Corrupti eum amet. Nulla optio laudantium nemo facere quos et dolore.,,,,,,,,,,,
Architecto magnam impedit modi at dolore distinctio. Ex eos veniam nulla labore natus.,,,,,,,,,,,
Pariatur ipsum temporibus nostrum.,,,,,,,,,,,
Vero placeat eum totam velit. Ducimus quam ad maxime quo maiores. Ipsum aliquam tempore deserunt maiores veniam cumque. Modi occaecati distinctio occaecati distinctio placeat saepe.,,,,,,,,,,,
Repudiandae soluta qui ipsa repellendus asperiores placeat. Itaque ex assumenda.,,,,,,,,,,,
"Recusandae nam nemo dolorem.""",Completed,,,,,,,,,,
458,VIP Exclusive 2024,2025-10-10 00:00:00,20753.82,7319.45,1425622,29726,Active,Rachel Lane,1.27,,
492,Black Friday 2024 - Final,2025-10-10 00:00:00,20989.97,2723.06,376424,6970,Paused,,,,
  345  ,  Christmas Special 2023 v2  ,2025-10-10 00:00:00,13754.36,1084.97,199099,7588,Paused,Dr Victor Stephens,6.8,,
59,Lead Generation 2024 - Final,2025-10-10 00:00:00,23068.48,  4401.64  ,  600224  ,18488,Active,Tanya Johnston,7.38,,
425,  Brand Awareness 2025  ,2025-10-10 00:00:00,18396.68,2096.94,185365,1057,Paused,,,,
343,Flash Sale 2025 - Final,2025-10-10 00:00:00,9523.04,762.31,20082,209,Active,,5.74,,
133,Lead Generation 2024 - Test,2025-10-10 00:00:00,172391.27,2736.87,429273,13285,Active,Jeffrey Anderson MD,  1.69  ,,
428,Holiday Special 2025,2025-10-10 00:00:00,23399.6,252.62,103080,1756,Active,Sarah Drake,,,
277&,Back to School 2024,2025-10-10 00:00:00,2588.68,451.61,20594,522,Active,,1.92,,
75,Holiday Special 2025 v2,  2025-10-10  ,114250.76,2906.51,485959,  3190  ,Paused,,,,
471,Christmas Special 2024 - Final,2025-10-10 00:00:00,13850.45,1008.45,199773,8874,Active,Christine Leonard,,,
376,,2025-10-10 00:00:00,12376.6,,9943,,Completed,,,,
210,Customer Retention 2025 v2,2025-10-10 00:00:00,  2359.36  ,546.63,11836,201,Active,,6.47,,
182,Customer Retention 2025 - Phase 1,2025-10-10 00:00:00,  9330.58  ,  4881.03  ,178038,  4820  ,Paused,,,,
55,Anniversary Sale 2023,2025-10-10 00:00:00,12931.61,2229.13,272685,11760,Active,Gail Rees,4.15,,
155,Lead Generation 2025 - Test#,2025-10-10 00:00:00,1417.91,56.11,4016,130,Active,,,,
402,New Year Deal 2024 - Final,2025-10-10 00:00:00,16493.53,227.12,34924,1424,Paused,Irene Palmer,,,
189,  Lead Generation 2025 - Final  ,2025-10-10 00:00:00,  35897.76  ,2106.67,192764,4082,Active,michael brennan,,,
395,Clearance 2024 - Phase 1,2025-10-10 00:00:00,22309.78,3462.18,256323,11996,Active,,9.12,,
288,Summer Sale 2023 v2,2025-10-10 00:00:00,22451.45,8889.59,1450107,72118,Active,Jeffrey Warren,,,
203,New Year Deal 2023 - Test,2025-10-10 00:00:00,24168.36,953.04,157723,6164,Paused,,,,
14,New Year Deal 2024 - Test,2025-10-10 00:00:00,15318.33,16651.71,  3021268  ,101335,Active,  Sheila Evans  ,,,
409,New Year Deal 2024 - Phase 1,  2025-10-10  ,12495.66,185.89,28825,1266,Active,,5.92,,
166,Campaign #1,2025-10-10 00:00:00,5095.87,6170.31,237213,430046,Paused,,4.38,,
468,Referral Program 2023 - Test,2025-10-10 00:00:00,2201.64,128.42,23755,270,Active,,1.11,,
170,Customer Retention 2024,2025-10-10 00:00:00,17402.61,359.4,40705,1826,active,Kyle Simpson-Clarke,,,
113,Clearance 2025 - Final,2025-10-10 00:00:00,14314.34,2120.34,279554,9973,Active,,5.95,,
246,,2025-10-10 00:00:00,8665.43,Calculating,95948,,Completed,,,,
388,Christmas Special 2023 - Final,2025-10-10 00:00:00,22793.75,4370.33,327222,7921,Paused,,7.22,,
50,Christmas Special 2023 - Phase 1,2025-10-10 00:00:00,8670.97,1727.73,290339,4132,Active,,,,
268,Christmas Special 2025 - Phase 1,2025-10-10 00:00:00,1524.34,129.86,2432,82,Active,,,,
149,Back to School 2025,2025-10-10 00:00:00,167507.47,20146.12,2040222,91722,Active,Donna Hendricks DDS,2.45,,
17,,0000-00-00,0,,  -9578  ,,Activ,,,,
389,Flash Sale 2023 - Final,2025-10-10 00:00:00,50710.36,1024.02,158157,4526,Active,,,,
315,Summer Sale 2024 - Phase 1,2025-10-10 00:00:00,5401.85,1245.42,169839,1696,Paused,,,,
191,Christmas Special 2025 - Test,2025-10-10 00:00:00,20260.23,460.53,34482,970,Paused,,,,
211,,,TBD,Calculating,,Good CTR,active,Timothy Riley,,,
48,Referral Program 2024 v2,2025-10-10 00:00:00,16067.4,586.58,91014,3114,Active,,,,
276,,2025-10-10 00:00:00,15663.56,,  71742  ,,Active,,,,
